{"cameraMode":{"drawMode":0,"name":"Shaded","section":"Shading Mode"},"sceneLighting":true,"audioPlay":false,"sceneViewState":{"showFog":true,"showMaterialUpdate":false,"showSkybox":true,"showFlares":true,"showImageEffects":true,"showParticleSystems":true},"in2DMode":false,"pivot":{"x":-17.153730392456056,"y":0.9155348539352417,"z":64.14865112304688},"rotation":{"x":0.2660222053527832,"y":-0.14392879605293275,"z":0.040205217897892,"w":0.9523178339004517},"size":32.906898498535159,"orthographic":false}